day,scenario,seed,mean_health,mean_sdh_risk,mean_isolation,mean_acute_dependence,acute_events_today,prevention_acts_today,social_links_today,mean_fatigue,gini_fatigue,burnout_count,top10_load_ratio,coop_acts_today,coordination_level,pending_tasks,M1,M2,M3,M4,M5,FC_A1,FC_A2,FC_A3,FC_B1,FC_B2,FC_B3,FC_B4,FC_C1,FC_C2,FC_C3,cum_acute_events,cum_M1,cum_M2,cum_M3,cum_M4,cum_M5,cum_FC_A1,cum_FC_A2,cum_FC_A3,cum_FC_B1,cum_FC_B2,cum_FC_B3,cum_FC_B4,cum_FC_C1,cum_FC_C2,cum_FC_C3,total_nudge_interventions,label
1,C,0,0.6596,0.3628,0.2588,0.0112,3,15,0,0.2225,0.2851,0,0.3158,5,0.5588,0,1,1,1,0,0,0,0,0,0,0,0,0,0,0,0,3,1,1,1,0,0,0,0,0,0,0,0,0,0,0,0,0,C
2,C,0,0.6568,0.3637,0.2611,0.033,6,15,0,0.2528,0.3261,0,0.24,6,0.6752,0,1,1,1,0,0,0,0,0,0,0,0,0,0,0,0,9,2,2,2,0,0,0,0,0,0,0,0,0,0,0,0,0,C
3,C,0,0.6634,0.3642,0.2631,0.042,3,19,0,0.2788,0.3844,0,0.2609,6,0.7305,0,1,1,1,0,0,0,0,0,0,0,0,0,0,0,0,12,3,3,3,0,0,0,0,0,0,0,0,0,0,0,0,0,C
4,C,0,0.6609,0.3685,0.2676,0.0502,3,9,0,0.2821,0.4378,0,0.3846,3,0.7847,0,1,1,1,0,0,0,0,0,0,0,0,0,0,0,0,15,4,4,4,0,0,0,0,0,0,0,0,0,0,0,0,0,C
5,C,0,0.6654,0.3697,0.2701,0.058,3,17,0,0.284,0.4698,0,0.2857,5,0.8378,0,1,1,1,0,0,0,0,0,0,0,0,0,0,0,0,18,5,5,5,0,0,0,0,0,0,0,0,0,0,0,0,1,C
6,C,0,0.6681,0.3717,0.2731,0.065,3,16,0,0.2812,0.4814,0,0.3158,6,0.8899,0,1,1,1,0,0,0,0,0,0,0,0,0,0,0,0,21,6,6,6,0,0,0,0,0,0,0,0,0,0,0,0,2,C
7,C,0,0.6549,0.376,0.2776,0.087,7,9,0,0.2757,0.5146,0,0.3529,3,0.99,0,1,1,1,0,0,0,0,1,0,0,0,0,0,0,0,28,7,7,7,0,0,0,0,1,0,0,0,0,0,0,0,3,C
8,C,0,0.6513,0.3776,0.2803,0.1047,6,17,0,0.2835,0.5406,2,0.3043,5,0.99,0,1,1,1,0,0,0,0,1,0,0,0,0,0,0,0,34,8,8,8,0,0,0,0,2,0,0,0,0,0,0,0,4,C
9,C,0,0.6416,0.3785,0.2826,0.133,9,19,0,0.3057,0.5155,3,0.25,4,0.99,0,1,1,1,0,0,0,0,1,0,1,0,0,0,0,0,43,9,9,9,0,0,0,0,3,0,1,0,0,0,0,0,5,C
10,C,0,0.6351,0.3842,0.2881,0.1372,3,6,0,0.282,0.5567,3,0.4444,2,0.99,0,1,1,1,0,0,0,0,1,1,1,0,1,0,0,0,46,10,10,10,0,0,0,0,4,1,2,0,1,0,0,0,6,C
11,C,0,0.6204,0.3862,0.2911,0.1692,10,16,0,0.3019,0.5237,3,0.2308,8,0.99,0,1,1,1,0,0,0,0,1,0,1,0,0,0,0,0,56,11,11,11,0,0,0,0,5,1,3,0,1,0,0,0,7,C
12,C,0,0.6139,0.3901,0.2953,0.1805,5,11,0,0.2987,0.5367,3,0.3125,3,0.99,0,1,1,1,0,0,0,0,1,0,1,0,0,0,0,0,61,12,12,12,0,0,0,0,6,1,4,0,1,0,0,0,8,C
13,C,0,0.6049,0.394,0.2996,0.1957,6,11,0,0.2998,0.5453,3,0.2941,1,0.99,0,1,1,1,0,0,0,0,1,0,1,0,0,0,0,0,67,13,13,13,0,0,0,0,7,1,5,0,1,0,0,0,9,C
14,C,0,0.5989,0.3967,0.3031,0.2107,6,14,0,0.3132,0.5258,3,0.25,3,0.99,0,1,1,1,0,0,0,0,1,0,1,0,0,0,0,0,73,14,14,14,0,0,0,0,8,1,6,0,1,0,0,0,10,C
15,C,0,0.5974,0.3995,0.3066,0.2175,4,14,0,0.3226,0.5343,1,0.3333,3,0.99,0,1,1,1,0,0,0,0,1,0,1,0,0,0,0,0,77,15,15,15,0,0,0,0,9,1,7,0,1,0,0,0,11,C
16,C,0,0.5864,0.4022,0.3101,0.2402,8,14,0,0.3315,0.541,0,0.3182,3,0.99,0,1,1,1,0,0,0,0,1,0,1,0,0,0,0,0,85,16,16,16,0,0,0,0,10,1,8,0,1,0,0,0,12,C
17,C,0,0.5791,0.4061,0.3143,0.2512,5,11,0,0.3296,0.553,1,0.375,4,0.99,0,1,1,1,0,0,0,0,1,0,1,0,0,0,0,0,90,17,17,17,0,0,0,0,11,1,9,0,1,0,0,0,13,C
18,C,0,0.5749,0.4081,0.3173,0.2665,6,16,0,0.3439,0.5537,3,0.3182,4,0.99,0,1,1,1,0,0,0,0,1,0,1,0,0,0,0,0,96,18,18,18,0,0,0,0,12,1,10,0,1,0,0,0,14,C
19,C,0,0.57,0.412,0.3216,0.274,4,11,0,0.3444,0.5576,4,0.3333,1,0.99,0,1,1,1,0,0,0,0,1,0,1,0,0,0,0,0,100,19,19,19,0,0,0,0,13,1,11,0,1,0,0,0,15,C
20,C,0,0.5575,0.4162,0.3261,0.2938,7,10,0,0.3496,0.555,6,0.2941,0,0.99,0,1,1,1,0,0,0,0,1,0,1,0,1,0,0,0,107,20,20,20,0,0,0,0,14,1,12,0,2,0,0,0,16,C
21,C,0,0.5356,0.4212,0.3311,0.3247,10,8,0,0.3609,0.5295,7,0.3333,4,0.99,0,1,1,1,0,0,0,0,1,0,1,0,0,0,0,0,117,21,21,21,0,0,0,0,15,1,13,0,2,0,0,0,17,C
22,C,0,0.524,0.424,0.3346,0.3517,9,14,0,0.3841,0.4816,8,0.3043,1,0.99,0,1,1,1,0,0,0,0,1,0,1,0,0,0,0,0,126,22,22,22,0,0,0,0,16,1,14,0,2,0,0,0,18,C
23,C,0,0.5068,0.429,0.3396,0.3782,9,8,0,0.3917,0.4506,8,0.3529,1,0.99,0,1,1,1,0,0,0,0,1,0,1,0,0,0,0,0,135,23,23,23,0,0,0,0,17,1,15,0,2,0,0,0,19,C
24,C,0,0.5077,0.4317,0.3431,0.3887,5,14,0,0.4027,0.4298,7,0.3158,2,0.99,0,1,1,1,0,0,0,0,1,0,1,1,0,0,0,0,140,24,24,24,0,0,0,0,18,1,16,1,2,0,0,0,20,C
25,C,0,0.4924,0.4371,0.3483,0.407,7,7,0,0.3949,0.4379,5,0.4286,3,0.99,0,1,1,1,0,0,0,0,1,1,1,1,0,0,0,0,147,25,25,25,0,0,0,0,19,2,17,2,2,0,0,0,21,C
26,C,0,0.4886,0.441,0.3526,0.4132,4,11,0,0.3894,0.4512,5,0.4,3,0.99,0,1,1,1,0,0,0,0,1,1,1,0,0,0,0,0,151,26,26,26,0,0,0,0,20,3,18,2,2,0,0,0,22,C
27,C,0,0.4812,0.4433,0.3558,0.4315,7,15,0,0.3995,0.448,4,0.3182,5,0.99,0,1,1,1,0,0,0,0,1,0,1,0,0,0,0,0,158,27,27,27,0,0,0,0,21,3,19,2,2,0,0,0,23,C
28,C,0,0.4758,0.4465,0.3596,0.4455,6,13,0,0.4049,0.4438,4,0.3158,5,0.99,0,1,1,1,0,0,0,0,1,0,1,0,0,0,0,0,164,28,28,28,0,0,0,0,22,3,20,2,2,0,0,0,24,C
29,C,0,0.4643,0.4503,0.3638,0.4637,7,11,0,0.4065,0.4517,3,0.2778,1,0.99,0,1,1,1,0,0,0,0,1,0,1,0,0,0,0,0,171,29,29,29,0,0,0,0,23,3,21,2,2,0,0,0,25,C
30,C,0,0.4703,0.4523,0.3668,0.462,2,16,0,0.4107,0.4561,3,0.2222,5,0.99,0,1,1,1,0,0,0,0,1,0,1,0,1,0,0,0,173,30,30,30,0,0,0,0,24,3,22,2,3,0,0,0,26,C
31,C,0,0.4709,0.4536,0.3693,0.4745,6,18,0,0.4292,0.4525,5,0.25,3,0.99,0,1,1,1,0,0,0,0,1,0,1,0,0,0,0,0,179,31,31,31,0,0,0,0,25,3,23,2,3,0,0,0,27,C
32,C,0,0.4701,0.4563,0.3728,0.4847,5,14,0,0.4368,0.4514,9,0.2632,4,0.99,0,1,1,1,0,0,0,0,1,0,1,0,0,0,0,0,184,32,32,32,0,0,0,0,26,3,24,2,3,0,0,0,28,C
33,C,0,0.4485,0.461,0.3776,0.5205,13,9,0,0.4539,0.4239,9,0.3182,1,0.99,0,1,1,1,0,0,0,0,1,0,1,0,0,0,0,0,197,33,33,33,0,0,0,0,27,3,25,2,3,0,0,0,29,C
34,C,0,0.4512,0.4652,0.3821,0.5187,3,10,0,0.4506,0.4265,10,0.4615,1,0.99,0,1,1,1,0,0,0,0,1,1,1,0,0,0,0,0,200,34,34,34,0,0,0,0,28,4,26,2,3,0,0,0,30,C
35,C,0,0.44,0.4691,0.3863,0.537,7,11,0,0.4607,0.4033,10,0.4444,4,0.99,0,1,1,1,0,0,0,0,1,1,1,0,0,0,0,0,207,35,35,35,0,0,0,0,29,5,27,2,3,0,0,0,31,C
36,C,0,0.4303,0.473,0.3906,0.5495,8,11,0,0.4744,0.3738,12,0.3158,2,0.99,0,1,1,1,0,0,0,0,1,0,1,0,0,0,0,0,215,36,36,36,0,0,0,0,30,5,28,2,3,0,0,0,32,C
37,C,0,0.4205,0.4757,0.3941,0.5735,11,14,0,0.5013,0.311,12,0.28,1,0.99,0,1,1,1,0,1,0,0,1,0,1,0,0,0,0,0,226,37,37,37,0,1,0,0,31,5,29,2,3,0,0,0,33,C
38,C,0,0.4058,0.4803,0.3988,0.5945,10,9,0,0.5065,0.3067,11,0.3684,0,0.99,0,1,1,1,0,0,0,0,1,0,1,1,0,0,0,0,236,38,38,38,0,1,0,0,32,5,30,3,3,0,0,0,34,C
39,C,0,0.4023,0.4842,0.4031,0.5992,5,11,0,0.4973,0.3138,7,0.3125,2,0.99,0,1,1,1,0,0,0,0,1,0,1,1,0,0,0,0,241,39,39,39,0,1,0,0,33,5,31,4,3,0,0,0,35,C
40,C,0,0.3973,0.4888,0.4078,0.6057,7,9,0,0.4954,0.3222,7,0.3125,2,0.99,0,1,1,1,0,0,0,0,1,0,1,1,1,0,0,0,248,40,40,40,0,1,0,0,34,5,32,5,4,0,0,0,36,C
41,C,0,0.3974,0.4908,0.4108,0.611,7,16,0,0.5067,0.3264,5,0.2609,3,0.99,0,1,1,1,0,0,0,0,1,0,1,0,0,0,0,0,255,41,41,41,0,1,0,0,35,5,33,5,4,0,0,0,37,C
42,C,0,0.3976,0.4932,0.4141,0.6182,5,15,0,0.5123,0.3257,5,0.3,7,0.99,0,1,1,1,0,0,0,0,1,0,1,0,0,0,0,0,260,42,42,42,0,1,0,0,36,5,34,5,4,0,0,0,38,C
43,C,0,0.3835,0.496,0.4176,0.6387,11,14,0,0.525,0.3352,5,0.28,7,0.99,0,1,1,1,0,0,0,0,1,0,1,0,0,0,0,0,271,43,43,43,0,1,0,0,37,5,35,5,4,0,0,0,39,C
44,C,0,0.3711,0.5006,0.4223,0.6522,8,9,0,0.5265,0.3518,10,0.3529,0,0.99,0,1,1,1,0,0,0,0,1,0,1,0,0,0,0,0,279,44,44,44,0,1,0,0,38,5,36,5,4,0,0,0,40,C
45,C,0,0.358,0.5052,0.4271,0.6712,8,9,0,0.5317,0.3434,12,0.4118,1,0.99,0,1,1,1,0,0,0,0,1,1,1,0,0,0,0,0,287,45,45,45,0,1,0,0,39,6,37,5,4,0,0,0,41,C
46,C,0,0.3458,0.5095,0.4316,0.6905,8,10,0,0.5453,0.3232,15,0.3889,0,0.99,0,1,1,1,0,0,0,0,1,0,1,0,0,0,0,0,295,46,46,46,0,1,0,0,40,6,38,5,4,0,0,0,42,C
47,C,0,0.3364,0.5141,0.4363,0.6992,7,9,0,0.5551,0.2935,14,0.4375,1,0.99,0,1,1,1,0,0,0,0,1,1,1,0,0,0,0,0,302,47,47,47,0,1,0,0,41,7,39,5,4,0,0,0,43,C
48,C,0,0.3267,0.5172,0.4401,0.7187,10,13,0,0.5831,0.2539,15,0.3043,1,0.99,0,1,1,1,0,0,0,0,1,0,1,0,0,0,0,0,312,48,48,48,0,1,0,0,42,7,40,5,4,0,0,0,44,C
49,C,0,0.3177,0.5211,0.4443,0.7307,7,11,0,0.5931,0.2411,16,0.3333,0,0.99,0,1,1,1,0,0,0,0,1,0,1,1,0,0,0,0,319,49,49,49,0,1,0,0,43,7,41,6,4,0,0,0,45,C
50,C,0,0.3076,0.5238,0.4478,0.7455,11,14,0,0.6175,0.2012,15,0.28,0,0.99,0,1,1,1,0,0,0,0,1,0,1,1,1,0,0,0,330,50,50,50,0,1,0,0,44,7,42,7,5,0,0,0,46,C
51,C,0,0.2994,0.5258,0.4508,0.771,11,16,0,0.6335,0.1967,11,0.2593,0,0.99,0,1,1,1,0,0,0,0,1,0,1,1,0,0,0,0,341,51,51,51,0,1,0,0,45,7,43,8,5,0,0,0,47,C
52,C,0,0.297,0.5286,0.4543,0.7765,11,14,0,0.6472,0.2015,12,0.24,1,0.99,0,1,1,1,0,0,0,0,1,0,1,1,0,0,0,0,352,52,52,52,0,1,0,0,46,7,44,9,5,0,0,0,48,C
53,C,0,0.2959,0.5332,0.4591,0.772,4,9,0,0.6345,0.2148,13,0.3846,2,0.99,0,1,1,1,0,0,0,0,1,0,1,1,0,0,0,0,356,53,53,53,0,1,0,0,47,7,45,10,5,0,0,0,49,C
54,C,0,0.2866,0.5375,0.4636,0.7835,8,10,0,0.6458,0.2023,15,0.3889,2,0.99,0,1,1,1,0,0,0,0,1,0,1,1,0,0,0,0,364,54,54,54,0,1,0,0,48,7,46,11,5,0,0,0,50,C
55,C,0,0.2856,0.5421,0.4683,0.7825,8,9,0,0.6547,0.1884,15,0.4118,3,0.99,0,1,1,1,0,0,0,0,1,1,1,1,0,0,0,0,372,55,55,55,0,1,0,0,49,8,47,12,5,0,0,0,51,C
56,C,0,0.2717,0.5478,0.4738,0.7942,11,6,0,0.6598,0.1893,15,0.3529,0,0.99,0,1,1,1,0,0,0,0,1,0,1,1,0,0,0,0,383,56,56,56,0,1,0,0,50,8,48,13,5,0,0,0,52,C
57,C,0,0.272,0.5517,0.4781,0.797,8,11,0,0.6734,0.1771,16,0.3684,0,0.99,0,1,1,1,0,0,0,0,1,0,1,1,0,0,0,0,391,57,57,57,0,1,0,0,51,8,49,14,5,0,0,0,53,C
58,C,0,0.2474,0.5563,0.4828,0.821,15,9,0,0.7014,0.1512,20,0.3333,0,0.99,1,1,1,1,0,0,0,0,1,0,1,1,0,0,0,0,406,58,58,58,0,1,0,0,52,8,50,15,5,0,0,0,54,C
59,C,0,0.2394,0.5602,0.4871,0.8305,7,11,0,0.7054,0.1407,18,0.3889,0,0.99,0,1,1,1,0,0,0,0,1,0,1,1,0,0,0,0,413,59,59,59,0,1,0,0,53,8,51,16,5,0,0,0,55,C
60,C,0,0.2344,0.5633,0.4908,0.8402,12,13,0,0.7238,0.1154,16,0.28,0,0.99,0,1,1,1,0,0,0,0,1,0,1,1,0,0,0,0,425,60,60,60,0,1,0,0,54,8,52,17,5,0,0,0,56,C
61,C,0,0.2317,0.5683,0.4958,0.8377,5,8,0,0.717,0.118,17,0.3077,1,0.99,0,1,1,1,0,0,0,0,1,0,1,1,0,0,0,0,430,61,61,61,0,1,0,0,55,8,53,18,5,0,0,0,57,C
62,C,0,0.2311,0.5715,0.4996,0.8432,9,13,0,0.7366,0.1022,18,0.3182,0,0.99,0,1,1,1,0,0,0,0,1,0,1,1,0,0,0,0,439,62,62,62,0,1,0,0,56,8,54,19,5,0,0,0,58,C
63,C,0,0.228,0.575,0.5036,0.8422,9,12,0,0.7514,0.0964,21,0.3333,1,0.99,0,1,1,1,0,0,0,0,1,0,1,1,0,0,0,0,448,63,63,63,0,1,0,0,57,8,55,20,5,0,0,0,59,C
64,C,0,0.208,0.5807,0.5091,0.8585,13,6,0,0.7506,0.0787,21,0.4615,0,0.99,14,1,1,1,0,0,0,0,1,1,1,1,0,0,0,0,461,64,64,64,0,1,0,0,58,9,56,21,5,0,0,0,60,C
65,C,0,0.1899,0.5842,0.5131,0.8695,12,11,0,0.7678,0.0625,18,0.32,0,0.99,8,1,1,1,0,0,0,0,1,0,1,1,0,0,0,0,473,65,65,65,0,1,0,0,59,9,57,22,5,0,0,0,61,C
66,C,0,0.1729,0.5892,0.5181,0.8817,11,8,0,0.7802,0.0458,20,0.3,0,0.99,9,1,1,1,0,0,0,0,1,0,1,1,0,0,0,0,484,66,66,66,0,1,0,0,60,9,58,23,5,0,0,0,62,C
67,C,0,0.1693,0.5938,0.5228,0.885,6,9,0,0.7854,0.0346,20,0.375,0,0.99,8,1,1,1,0,0,0,0,1,0,1,1,0,0,0,0,490,67,67,67,0,1,0,0,61,9,59,24,5,0,0,0,63,C
68,C,0,0.1612,0.5981,0.5273,0.8925,10,10,0,0.7918,0.0261,19,0.3333,0,0.99,12,1,1,1,0,0,0,0,1,0,1,1,0,0,0,0,500,68,68,68,0,1,0,0,62,9,60,25,5,0,0,0,64,C
69,C,0,0.1532,0.6031,0.5323,0.9052,13,8,0,0.803,0.0228,18,0.3684,0,0.99,14,1,1,1,0,0,0,0,1,0,1,1,0,0,0,0,513,69,69,69,0,1,0,0,63,9,61,26,5,0,0,0,65,C
70,C,0,0.1583,0.6062,0.5361,0.8998,9,11,0,0.8262,0.0181,19,0.2414,0,0.99,1,1,1,1,0,0,0,0,1,0,1,1,0,0,0,0,522,70,70,70,0,1,0,0,64,9,62,27,5,0,0,0,66,C
71,C,0,0.151,0.6116,0.5413,0.9002,8,7,0,0.8278,0.0204,22,0.4,0,0.99,0,1,1,1,0,0,0,0,1,1,1,1,0,0,0,0,530,71,71,71,0,1,0,0,65,10,63,28,5,0,0,0,67,C
72,C,0,0.1347,0.617,0.5466,0.915,17,7,0,0.8258,0.0129,25,0.6667,0,0.99,20,1,1,1,0,0,0,0,1,1,1,1,0,0,0,0,547,72,72,72,0,1,0,0,66,11,64,29,5,0,0,0,68,C
73,C,0,0.1212,0.6235,0.5526,0.9223,12,4,0,0.8178,0.0131,24,0.5455,0,0.99,30,1,1,1,0,0,0,0,1,1,1,1,0,0,0,0,559,73,73,73,0,1,0,0,67,12,65,30,5,0,0,0,69,C
74,C,0,0.1065,0.63,0.5586,0.9317,15,4,0,0.8062,0.0183,22,0.7143,0,0.99,55,1,1,1,0,0,0,0,1,1,1,1,0,0,0,0,574,74,74,74,0,1,0,0,68,13,66,31,5,0,0,0,70,C
75,C,0,0.0964,0.6365,0.5646,0.937,17,4,0,0.7994,0.022,23,0.6,0,0.99,73,1,1,1,0,0,0,0,1,1,1,1,0,0,0,0,591,75,75,75,0,1,0,0,69,14,67,32,5,0,0,0,71,C
76,C,0,0.0903,0.643,0.5706,0.9367,13,4,0,0.7914,0.0219,22,0.5556,0,0.99,88,1,1,0,0,0,0,0,1,1,1,1,0,0,0,0,604,76,76,75,0,1,0,0,70,15,68,33,5,0,0,0,72,C
77,C,0,0.096,0.6461,0.5743,0.9375,9,13,0,0.8038,0.0222,20,0.3333,0,0.99,85,1,1,0,0,0,0,0,1,0,1,1,0,0,0,0,613,77,77,75,0,1,0,0,71,15,69,34,5,0,0,0,73,C
78,C,0,0.0997,0.6503,0.5788,0.9327,8,10,0,0.8126,0.02,21,0.2727,0,0.99,82,1,1,0,0,0,0,0,1,0,1,1,0,0,0,0,621,78,78,75,0,1,0,0,72,15,70,35,5,0,0,0,74,C
79,C,0,0.093,0.6553,0.5838,0.933,10,8,0,0.825,0.0169,20,0.3478,0,0.99,78,1,1,0,0,0,0,0,1,0,1,1,0,0,0,0,631,79,79,75,0,1,0,0,73,15,71,36,5,0,0,0,75,C
80,C,0,0.0903,0.66,0.5886,0.9345,14,9,0,0.8338,0.0208,23,0.3158,0,0.99,82,1,1,0,0,0,0,0,1,0,1,1,0,0,0,0,645,80,80,75,0,1,0,0,74,15,72,37,5,0,0,0,76,C
81,C,0,0.0748,0.6676,0.5953,0.9395,13,1,0,0.8162,0.0181,25,1.0,0,0.99,108,1,1,0,0,0,0,1,1,1,1,1,0,0,0,0,658,81,81,75,0,1,0,1,75,16,73,38,5,0,0,0,77,C
82,C,0,0.0707,0.6741,0.6013,0.9442,11,4,0,0.8034,0.0205,23,1.0,0,0.99,121,1,1,0,0,0,0,1,1,1,1,1,0,0,0,0,669,82,82,75,0,1,0,2,76,17,74,39,5,0,0,0,78,C
83,C,0,0.0637,0.6801,0.6071,0.949,13,5,0,0.7966,0.0222,25,0.75,0,0.99,138,1,1,0,0,0,0,1,1,1,1,1,0,0,0,0,682,83,83,75,0,1,0,3,77,18,75,40,5,0,0,0,79,C
84,C,0,0.0622,0.6853,0.6123,0.949,11,7,0,0.7934,0.0233,24,0.6154,0,0.99,145,1,1,0,0,0,0,1,1,1,1,1,0,0,0,0,693,84,84,75,0,1,0,4,78,19,76,41,5,0,0,0,80,C
85,C,0,0.0693,0.6894,0.6168,0.9455,9,10,0,0.8138,0.0327,19,0.3889,0,0.99,149,1,1,0,0,0,0,1,1,0,1,1,0,0,1,0,702,85,85,75,0,1,0,5,79,19,77,42,5,0,1,0,81,C
86,C,0,0.0735,0.6936,0.6213,0.9415,9,10,0,0.8474,0.0444,24,0.3478,0,0.99,140,1,1,0,0,0,0,1,1,0,1,1,0,0,1,0,711,86,86,75,0,1,0,6,80,19,78,43,5,0,1,0,82,C
87,C,0,0.0732,0.6993,0.6268,0.939,8,6,0,0.8606,0.039,18,0.3333,0,0.99,142,1,1,0,0,0,0,1,1,0,1,1,0,0,1,0,719,87,87,75,0,1,0,7,81,19,79,44,5,0,1,0,83,C
88,C,0,0.0724,0.7038,0.6316,0.9385,13,9,0,0.8882,0.0314,22,0.3333,0,0.99,142,1,1,0,0,0,0,1,1,0,1,1,0,0,1,0,732,88,88,75,0,1,0,8,82,19,80,45,5,0,1,0,84,C
89,C,0,0.0654,0.711,0.6381,0.9403,11,2,0,0.8966,0.0317,25,0.8,0,0.99,163,1,1,0,0,0,0,1,1,1,1,1,0,0,1,0,743,89,89,75,0,1,0,9,83,20,81,46,5,0,1,0,85,C
90,C,0,0.0633,0.7175,0.6441,0.9463,13,4,0,0.9074,0.023,24,0.6667,0,0.99,176,1,1,0,0,0,0,1,1,1,1,1,0,0,1,0,756,90,90,75,0,1,0,10,84,21,82,47,5,0,1,0,86,C
91,C,0,0.0597,0.7229,0.6496,0.9483,15,6,0,0.917,0.0176,24,0.7778,0,0.99,192,1,1,0,0,0,0,1,1,1,1,1,0,0,1,0,771,91,91,75,0,1,0,11,85,22,83,48,5,0,1,0,87,C
92,C,0,0.0544,0.7302,0.6563,0.9505,12,1,0,0.9206,0.0148,25,1.0,0,0.99,212,1,1,0,0,0,0,1,1,1,1,1,0,0,1,0,783,92,92,75,0,1,0,12,86,23,84,49,5,0,1,0,88,C
93,C,0,0.0529,0.737,0.6628,0.9477,9,2,0,0.8918,0.0298,25,1.0,0,0.99,227,1,1,0,0,0,0,1,1,1,1,1,0,0,1,0,792,93,93,75,0,1,0,13,87,24,85,50,5,0,1,0,89,C
94,C,0,0.0539,0.7416,0.6678,0.952,12,8,0,0.9002,0.029,24,0.3529,0,0.99,232,1,1,0,0,0,0,1,1,0,1,1,0,0,1,0,804,94,94,75,0,1,0,14,88,24,86,51,5,0,1,0,90,C
95,C,0,0.0478,0.7488,0.6746,0.949,8,1,0,0.8858,0.0347,22,0.5,0,0.99,240,1,1,0,0,0,0,1,1,1,1,1,0,0,1,0,812,95,95,75,0,1,0,15,89,25,87,52,5,0,1,0,91,C
96,C,0,0.0501,0.7523,0.6788,0.9575,13,11,0,0.8906,0.028,21,0.3529,0,0.99,247,1,1,0,0,0,0,1,1,0,1,1,0,0,1,0,825,96,96,75,0,1,0,16,90,25,88,53,5,0,1,0,92,C
97,C,0,0.0454,0.7584,0.6848,0.9643,16,4,0,0.887,0.0322,22,0.3636,0,0.99,263,1,1,0,0,0,0,1,1,0,1,1,0,0,1,0,841,97,97,75,0,1,0,17,91,25,89,54,5,0,1,0,93,C
98,C,0,0.0487,0.7621,0.6891,0.9647,18,11,0,0.9002,0.0199,21,0.375,0,0.99,275,1,1,0,0,0,0,1,1,0,1,1,0,0,1,0,859,98,98,75,0,1,0,18,92,25,90,55,5,0,1,0,94,C
99,C,0,0.0412,0.769,0.6953,0.9675,18,3,0,0.9026,0.0188,23,0.5556,0,0.99,297,1,1,0,0,0,0,1,1,1,1,1,0,0,1,0,877,99,99,75,0,1,0,19,93,26,91,56,5,0,1,0,95,C
100,C,0,0.0466,0.7743,0.7006,0.9633,8,7,0,0.9146,0.011,25,0.5833,0,0.99,307,1,1,0,0,0,0,1,1,1,1,1,0,0,1,0,885,100,100,75,0,1,0,20,94,27,92,57,5,0,1,0,96,C
1,C,1,0.6067,0.3787,0.2942,0.0187,5,13,0,0.234,0.254,0,0.2727,7,0.598,0,1,1,1,0,0,0,0,0,0,0,0,0,0,0,0,5,1,1,1,0,0,0,0,0,0,0,0,0,0,0,0,0,C
2,C,1,0.6007,0.3792,0.294,0.0402,6,13,3,0.2525,0.3407,0,0.3,5,0.7136,0,1,1,1,1,0,0,0,0,0,0,0,0,0,0,0,11,2,2,2,1,0,0,0,0,0,0,0,0,0,0,0,1,C
3,C,1,0.588,0.3849,0.2995,0.0605,6,6,0,0.2525,0.4179,0,0.4167,1,0.827,0,1,1,1,0,0,0,0,0,1,0,0,0,0,0,0,17,3,3,3,1,0,0,0,0,1,0,0,0,0,0,0,1,C
4,C,1,0.5912,0.3869,0.3025,0.0722,4,15,0,0.2629,0.4556,0,0.3,6,0.8988,0,1,1,1,0,0,0,0,0,0,0,0,0,0,0,0,21,4,4,4,1,0,0,0,0,1,0,0,0,0,0,0,2,C
5,C,1,0.5784,0.3904,0.3065,0.1035,9,12,0,0.2646,0.513,0,0.3333,1,0.99,0,1,1,1,0,0,0,0,0,0,0,0,0,0,0,0,30,5,5,5,1,0,0,0,0,1,0,0,0,0,0,0,3,C
6,C,1,0.5637,0.3943,0.3107,0.1302,8,10,0,0.2729,0.5512,1,0.3158,5,0.99,0,1,1,1,0,0,0,0,0,0,0,0,0,0,0,0,38,6,6,6,1,0,0,0,0,1,0,0,0,0,0,0,4,C
7,C,1,0.5659,0.3959,0.3135,0.1402,4,15,0,0.2797,0.5349,1,0.2381,9,0.99,0,1,1,1,0,0,0,0,1,0,0,0,0,0,0,0,42,7,7,7,1,0,0,0,1,1,0,0,0,0,0,0,5,C
8,C,1,0.5596,0.3983,0.3167,0.1577,6,14,0,0.2854,0.5529,2,0.3333,6,0.99,0,1,1,1,0,0,0,0,1,0,1,0,0,0,0,0,48,8,8,8,1,0,0,0,2,1,1,0,0,0,0,0,6,C
9,C,1,0.5503,0.401,0.3202,0.1785,7,14,0,0.2921,0.5401,3,0.2857,6,0.99,0,1,1,1,0,0,0,0,1,0,1,0,0,0,0,0,55,9,9,9,1,0,0,0,3,1,2,0,0,0,0,0,7,C
10,C,1,0.5425,0.4042,0.324,0.195,6,13,0,0.2951,0.5386,3,0.3158,4,0.99,0,1,1,1,0,0,0,0,1,0,1,0,1,0,0,0,61,10,10,10,1,0,0,0,4,1,3,0,1,0,0,0,8,C
11,C,1,0.5421,0.4069,0.3275,0.2035,4,14,0,0.2957,0.5504,3,0.2778,5,0.99,0,1,1,1,0,0,0,0,1,0,1,0,0,0,0,0,65,11,11,11,1,0,0,0,5,1,4,0,1,0,0,0,9,C
12,C,1,0.5374,0.4097,0.331,0.216,5,14,0,0.3019,0.5512,3,0.3158,6,0.99,0,1,1,1,0,0,0,0,1,0,1,0,0,0,0,0,70,12,12,12,1,0,0,0,6,1,5,0,1,0,0,0,10,C
13,C,1,0.5193,0.4109,0.3335,0.2635,14,18,0,0.3383,0.4997,3,0.2188,5,0.99,0,1,1,1,0,1,0,0,1,0,1,0,0,0,0,0,84,13,13,13,1,1,0,0,7,1,6,0,1,0,0,0,11,C
14,C,1,0.5118,0.414,0.3372,0.2827,7,13,0,0.3461,0.498,3,0.3,4,0.99,0,1,1,1,0,0,0,0,1,0,1,0,0,0,0,0,91,14,14,14,1,1,0,0,8,1,7,0,1,0,0,0,12,C
15,C,1,0.506,0.4168,0.3407,0.306,8,14,0,0.3538,0.5222,2,0.3182,2,0.99,0,1,1,1,0,0,0,0,1,0,1,0,0,0,0,0,99,15,15,15,1,1,0,0,9,1,8,0,1,0,0,0,13,C
16,C,1,0.5082,0.4184,0.3435,0.3092,3,16,0,0.3578,0.5325,4,0.3,3,0.99,0,1,1,1,0,0,0,0,1,0,1,0,0,0,0,0,102,16,16,16,1,1,0,0,10,1,9,0,1,0,0,0,14,C
17,C,1,0.4887,0.4215,0.3472,0.3407,11,13,0,0.3777,0.5102,7,0.2917,7,0.99,0,1,1,1,0,0,0,0,1,0,1,0,0,0,0,0,113,17,17,17,1,1,0,0,11,1,10,0,1,0,0,0,15,C
18,C,1,0.4842,0.4247,0.351,0.3535,6,13,0,0.3874,0.4896,9,0.3684,4,0.99,0,1,1,1,0,0,0,0,1,0,1,0,0,0,0,0,119,18,18,18,1,1,0,0,12,1,11,0,1,0,0,0,16,C
19,C,1,0.4743,0.4263,0.3537,0.3802,10,17,0,0.4179,0.4145,10,0.2593,2,0.99,0,1,1,1,0,1,0,0,1,0,1,0,0,0,0,0,129,19,19,19,1,2,0,0,13,1,12,0,1,0,0,0,17,C
20,C,1,0.4633,0.4313,0.3587,0.3915,6,8,0,0.4146,0.4107,10,0.5,1,0.99,0,1,1,1,0,0,0,0,1,1,1,0,1,0,0,0,135,20,20,20,1,2,0,0,14,2,13,0,2,0,0,0,18,C
21,C,1,0.455,0.434,0.3622,0.4145,9,14,0,0.4478,0.3586,10,0.3043,1,0.99,0,1,1,1,0,1,0,0,1,0,1,0,0,0,0,0,144,21,21,21,1,3,0,0,15,2,14,0,2,0,0,0,19,C
22,C,1,0.4539,0.4375,0.3662,0.4192,5,12,0,0.4656,0.3405,11,0.3529,5,0.99,0,1,1,1,0,0,0,0,1,0,1,0,0,0,0,0,149,22,22,22,1,3,0,0,16,2,15,0,2,0,0,0,20,C
23,C,1,0.4461,0.441,0.3702,0.43,6,12,0,0.4625,0.3499,9,0.3889,1,0.99,0,1,1,1,0,0,0,0,1,0,1,0,0,0,0,0,155,23,23,23,1,3,0,0,17,2,16,0,2,0,0,0,21,C
24,C,1,0.4404,0.4434,0.3735,0.4435,6,15,0,0.4665,0.3532,7,0.381,3,0.99,0,1,1,1,0,0,0,0,1,0,1,0,0,0,0,0,161,24,24,24,1,3,0,0,18,2,17,0,2,0,0,0,22,C
25,C,1,0.4349,0.445,0.3762,0.4592,7,17,0,0.4815,0.3545,6,0.2917,6,0.99,0,1,1,1,0,0,0,0,1,0,1,0,0,0,0,0,168,25,25,25,1,3,0,0,19,2,18,0,2,0,0,0,23,C
26,C,1,0.4332,0.447,0.3792,0.4737,7,16,0,0.4952,0.3604,8,0.2609,4,0.99,0,1,1,1,0,0,0,0,1,0,1,0,0,0,0,0,175,26,26,26,1,3,0,0,20,2,19,0,2,0,0,0,24,C
27,C,1,0.4203,0.4494,0.3825,0.5037,10,15,0,0.5172,0.3411,10,0.28,1,0.99,0,1,1,1,0,0,0,0,1,0,1,0,0,0,0,0,185,27,27,27,1,3,0,0,21,2,20,0,2,0,0,0,25,C
28,C,1,0.4158,0.4514,0.3855,0.5192,7,16,0,0.5393,0.3125,11,0.3043,2,0.99,0,1,1,1,0,0,0,0,1,0,1,0,0,0,0,0,192,28,28,28,1,3,0,0,22,2,21,0,2,0,0,0,26,C
29,C,1,0.4069,0.4553,0.3897,0.534,6,11,0,0.5433,0.3075,12,0.3529,1,0.99,0,1,1,1,0,0,0,0,1,0,1,0,0,0,0,0,198,29,29,29,1,3,0,0,23,2,22,0,2,0,0,0,27,C
30,C,1,0.3862,0.4595,0.3942,0.566,12,10,0,0.5616,0.2856,12,0.3182,0,0.99,0,1,1,1,0,0,0,0,1,0,1,0,1,0,0,0,210,30,30,30,1,3,0,0,24,2,23,0,3,0,0,0,28,C
31,C,1,0.377,0.4642,0.399,0.5827,9,9,0,0.5692,0.2839,12,0.3889,0,0.99,0,1,1,1,0,0,0,0,1,0,1,0,0,0,0,0,219,31,31,31,1,3,0,0,25,2,24,0,3,0,0,0,29,C
32,C,1,0.373,0.4673,0.4027,0.5917,6,13,0,0.5804,0.2794,14,0.3684,1,0.99,0,1,1,1,0,0,0,0,1,0,1,1,0,0,0,0,225,32,32,32,1,3,0,0,26,2,25,1,3,0,0,0,30,C
33,C,1,0.3688,0.4712,0.407,0.6007,7,11,0,0.5856,0.2726,13,0.3333,1,0.99,0,1,1,1,0,0,0,0,1,0,1,1,0,0,0,0,232,33,33,33,1,3,0,0,27,2,26,2,3,0,0,0,31,C
34,C,1,0.3555,0.4743,0.4107,0.629,11,13,0,0.6041,0.2474,12,0.25,2,0.99,0,1,1,1,0,0,0,0,1,0,1,1,0,0,0,0,243,34,34,34,1,3,0,0,28,2,27,3,3,0,0,0,32,C
35,C,1,0.3524,0.4767,0.414,0.6405,9,15,0,0.6262,0.234,15,0.2917,2,0.99,0,1,1,1,0,0,0,0,1,0,1,1,0,0,0,0,252,35,35,35,1,3,0,0,29,2,28,4,3,0,0,0,33,C
36,C,1,0.3326,0.4809,0.4185,0.669,12,10,0,0.6434,0.2092,15,0.2727,1,0.99,0,1,1,1,0,0,0,0,1,0,1,1,0,0,0,0,264,36,36,36,1,3,0,0,30,2,29,5,3,0,0,0,34,C
37,C,1,0.3261,0.4859,0.4235,0.6743,6,8,0,0.6427,0.2138,18,0.4286,1,0.99,0,1,1,1,0,0,0,0,1,1,1,1,0,0,0,0,270,37,37,37,1,3,0,0,31,3,30,6,3,0,0,0,35,C
38,C,1,0.3212,0.4894,0.4275,0.681,7,12,0,0.6575,0.1814,19,0.3684,0,0.99,0,1,1,1,0,0,0,0,1,0,1,1,0,0,0,0,277,38,38,38,1,3,0,0,32,3,31,7,3,0,0,0,36,C
39,C,1,0.3196,0.4929,0.4315,0.6792,4,12,0,0.659,0.1698,17,0.4375,1,0.99,0,1,1,1,0,0,0,0,1,1,1,1,0,0,0,0,281,39,39,39,1,3,0,0,33,4,32,8,3,0,0,0,37,C
40,C,1,0.3123,0.4964,0.4355,0.695,10,12,0,0.6763,0.1413,16,0.2727,1,0.99,0,1,1,1,0,0,0,0,1,0,1,1,1,0,0,0,291,40,40,40,1,3,0,0,34,4,33,9,4,0,0,0,38,C
41,C,1,0.2956,0.5025,0.4412,0.7027,8,5,0,0.6695,0.1519,15,0.4615,0,0.99,0,1,1,1,0,0,0,0,1,1,1,1,0,0,0,0,299,41,41,41,1,3,0,0,35,5,34,10,4,0,0,0,39,C
42,C,1,0.2818,0.5068,0.4457,0.7205,13,10,0,0.6783,0.1614,14,0.3043,0,0.99,0,1,1,1,0,0,0,0,1,0,1,1,0,0,0,0,312,42,42,42,1,3,0,0,36,5,35,11,4,0,0,0,40,C
43,C,1,0.2858,0.5103,0.4497,0.7185,4,12,0,0.6776,0.1618,13,0.3125,3,0.99,0,1,1,1,0,0,0,0,1,0,1,1,0,0,0,0,316,43,43,43,1,3,0,0,37,5,36,12,4,0,0,0,41,C
44,C,1,0.2766,0.5153,0.4547,0.7292,6,8,0,0.6625,0.1789,12,0.3571,2,0.99,0,1,1,1,0,0,0,0,1,0,1,1,0,0,0,0,322,44,44,44,1,3,0,0,38,5,37,13,4,0,0,0,42,C
45,C,1,0.2803,0.5177,0.458,0.729,6,15,0,0.6701,0.1803,13,0.3333,0,0.99,0,1,1,1,0,0,0,0,1,0,1,1,0,0,0,0,328,45,45,45,1,3,0,0,39,5,38,14,4,0,0,0,43,C
46,C,1,0.2779,0.5219,0.4625,0.7332,7,10,0,0.6741,0.1835,15,0.4118,1,0.99,0,1,1,1,0,0,0,0,1,1,1,1,0,0,0,0,335,46,46,46,1,3,0,0,40,6,39,15,4,0,0,0,44,C
47,C,1,0.2736,0.5254,0.4665,0.7422,6,12,0,0.684,0.1775,17,0.3889,0,0.99,0,1,1,1,0,0,0,0,1,0,1,1,0,0,0,0,341,47,47,47,1,3,0,0,41,6,40,16,4,0,0,0,45,C
48,C,1,0.2626,0.5289,0.4705,0.7467,8,12,0,0.7012,0.1473,18,0.3,0,0.99,0,1,1,1,0,0,0,0,1,0,1,1,0,0,0,0,349,48,48,48,1,3,0,0,42,6,41,17,4,0,0,0,46,C
49,C,1,0.2541,0.5335,0.4752,0.7515,8,9,0,0.7028,0.1399,17,0.4118,0,0.99,0,1,1,1,0,0,0,0,1,1,1,1,0,0,0,0,357,49,49,49,1,3,0,0,43,7,42,18,4,0,0,0,47,C
50,C,1,0.2485,0.5367,0.479,0.7617,9,13,0,0.7188,0.1122,16,0.2727,0,0.99,0,1,1,1,0,0,0,0,1,0,1,1,1,0,0,0,366,50,50,50,1,3,0,0,44,7,43,19,5,0,0,0,48,C
51,C,1,0.243,0.5398,0.4827,0.769,8,13,0,0.7276,0.1054,14,0.2857,0,0.99,0,1,1,1,0,0,0,0,1,0,1,1,0,0,0,0,374,51,51,51,1,3,0,0,45,7,44,20,5,0,0,0,49,C
52,C,1,0.2325,0.5437,0.487,0.779,12,11,0,0.7388,0.1126,16,0.3043,0,0.99,0,1,1,1,0,0,0,0,1,0,1,1,0,0,0,0,386,52,52,52,1,3,0,0,46,7,45,21,5,0,0,0,50,C
53,C,1,0.2179,0.549,0.4922,0.7957,13,7,0,0.7464,0.1121,18,0.35,0,0.99,0,1,1,1,0,0,0,0,1,0,1,1,0,0,0,0,399,53,53,53,1,3,0,0,47,7,46,22,5,0,0,0,51,C
54,C,1,0.2151,0.5525,0.4962,0.8037,12,12,0,0.766,0.0846,20,0.2917,0,0.99,0,1,1,1,0,0,0,0,1,0,1,1,0,0,0,0,411,54,54,54,1,3,0,0,48,7,47,23,5,0,0,0,52,C
55,C,1,0.197,0.5575,0.5012,0.8223,14,8,0,0.7808,0.0574,21,0.35,0,0.99,3,1,1,1,0,0,0,0,1,0,1,1,0,0,0,0,425,55,55,55,1,3,0,0,49,7,48,24,5,0,0,0,53,C
56,C,1,0.1917,0.5618,0.5057,0.8302,8,10,0,0.7908,0.0384,22,0.5,0,0.99,8,1,1,1,0,0,0,0,1,1,1,1,0,0,0,0,433,56,56,56,1,3,0,0,50,8,49,25,5,0,0,0,54,C
57,C,1,0.1851,0.5672,0.511,0.8365,8,7,0,0.7924,0.0234,23,0.5833,0,0.99,16,1,1,1,0,0,0,0,1,1,1,1,0,0,0,0,441,57,57,57,1,3,0,0,51,9,50,26,5,0,0,0,55,C
58,C,1,0.1826,0.5733,0.5167,0.832,9,5,0,0.7832,0.0232,24,0.7143,0,0.99,33,1,1,1,0,0,0,0,1,1,1,1,0,0,0,0,450,58,58,58,1,3,0,0,52,10,51,27,5,0,0,0,56,C
59,C,1,0.1699,0.5779,0.5215,0.8485,14,9,0,0.7848,0.0225,21,0.4118,0,0.99,42,1,1,1,0,0,0,0,1,1,1,1,0,0,0,0,464,59,59,59,1,3,0,0,53,11,52,28,5,0,0,0,57,C
60,C,1,0.1679,0.581,0.5252,0.8565,14,13,0,0.7948,0.0191,18,0.3182,0,0.99,45,1,1,1,0,0,0,0,1,0,1,1,0,0,0,0,478,60,60,60,1,3,0,0,54,11,53,29,5,0,0,0,58,C
61,C,1,0.1646,0.5849,0.5295,0.8618,9,11,0,0.818,0.0225,18,0.2414,0,0.99,35,1,1,1,0,0,0,0,1,0,1,1,0,0,0,0,487,61,61,61,1,3,0,0,55,11,54,30,5,0,0,0,59,C
62,C,1,0.1637,0.5884,0.5335,0.865,11,12,0,0.8292,0.0252,22,0.2857,0,0.99,34,1,1,1,0,0,0,0,1,0,1,1,0,0,0,0,498,62,62,62,1,3,0,0,56,11,55,31,5,0,0,0,60,C
63,C,1,0.1489,0.5945,0.5392,0.877,13,5,0,0.8272,0.0203,23,0.5833,0,0.99,47,1,1,1,0,0,0,0,1,1,1,1,0,0,0,0,511,63,63,63,1,3,0,0,57,12,56,32,5,0,0,0,61,C
64,C,1,0.1377,0.6007,0.545,0.8785,12,5,0,0.8144,0.0186,24,0.7143,0,0.99,60,1,1,1,0,0,0,0,1,1,1,1,0,0,0,0,523,64,64,64,1,3,0,0,58,13,57,33,5,0,0,0,62,C
65,C,1,0.1264,0.6075,0.5512,0.8835,10,3,0,0.8076,0.0212,23,0.7778,0,0.99,74,1,1,0,0,0,0,0,1,1,1,1,0,0,0,0,533,65,65,64,1,3,0,0,59,14,58,34,5,0,0,0,63,C
66,C,1,0.1187,0.6133,0.5567,0.8832,9,6,0,0.8068,0.0228,25,0.5833,0,0.99,86,1,1,0,0,0,0,0,1,1,1,1,0,0,0,0,542,66,66,64,1,3,0,0,60,15,59,35,5,0,0,0,64,C
67,C,1,0.1074,0.6205,0.5632,0.8955,15,2,0,0.7892,0.0252,25,1.0,0,0.99,113,1,1,0,0,0,0,1,1,1,1,1,0,0,0,0,557,67,67,64,1,3,0,1,61,16,60,36,5,0,0,0,65,C
68,C,1,0.1058,0.6252,0.568,0.9022,13,9,0,0.7908,0.0249,22,0.3889,0,0.99,124,1,1,0,0,0,0,1,1,0,1,1,0,0,0,0,570,68,68,64,1,3,0,2,62,16,61,37,5,0,0,0,66,C
69,C,1,0.1067,0.6298,0.5727,0.9047,8,8,0,0.7948,0.0246,18,0.2727,0,0.99,121,1,1,0,0,0,0,1,1,0,1,1,0,0,0,0,578,69,69,64,1,3,0,3,63,16,62,38,5,0,0,0,67,C
70,C,1,0.1119,0.6322,0.576,0.9067,12,15,0,0.8132,0.0273,20,0.2917,0,0.99,118,1,1,0,0,0,0,1,1,0,1,1,0,0,0,0,590,70,70,64,1,3,0,4,64,16,63,39,5,0,0,0,68,C
71,C,1,0.1101,0.6368,0.5807,0.905,8,9,0,0.8148,0.0266,22,0.375,0,0.99,121,1,1,0,0,0,0,1,1,0,1,1,0,0,0,0,598,71,71,64,1,3,0,5,65,16,64,40,5,0,0,0,69,C
72,C,1,0.099,0.6433,0.5867,0.9133,13,4,0,0.8068,0.0211,25,0.75,0,0.99,137,1,1,0,0,0,0,1,1,1,1,1,0,0,0,0,611,72,72,64,1,3,0,6,66,17,65,41,5,0,0,0,70,C
73,C,1,0.098,0.6487,0.592,0.9102,7,7,0,0.8012,0.0201,22,0.5833,0,0.99,141,1,1,0,0,0,0,1,1,1,1,1,0,0,0,0,618,73,73,64,1,3,0,7,67,18,66,42,5,0,0,0,71,C
74,C,1,0.0928,0.6552,0.598,0.9187,13,4,0,0.8004,0.0208,24,0.6364,0,0.99,152,1,1,0,0,0,0,1,1,1,1,1,0,0,0,0,631,74,74,64,1,3,0,8,68,19,67,43,5,0,0,0,72,C
75,C,1,0.0963,0.6598,0.6027,0.9172,6,9,0,0.7972,0.0227,24,0.5833,0,0.99,159,1,1,0,0,0,0,1,1,1,1,1,0,0,0,0,637,75,75,64,1,3,0,9,69,20,68,44,5,0,0,0,73,C
76,C,1,0.0874,0.6667,0.609,0.9197,12,3,0,0.7844,0.0237,23,0.75,0,0.99,171,1,1,0,0,0,0,1,1,1,1,1,0,0,0,0,649,76,76,64,1,3,0,10,70,21,69,45,5,0,0,0,74,C
77,C,1,0.0893,0.6705,0.6132,0.925,15,11,0,0.7908,0.0233,19,0.3333,0,0.99,175,1,1,0,0,0,0,1,1,0,1,1,0,0,0,0,664,77,77,64,1,3,0,11,71,21,70,46,5,0,0,0,75,C
78,C,1,0.0968,0.6733,0.6167,0.9225,11,14,0,0.8032,0.0217,17,0.25,0,0.99,172,1,1,0,0,0,0,1,1,0,1,1,0,0,0,0,675,78,78,64,1,3,0,12,72,21,71,47,5,0,0,0,76,C
79,C,1,0.093,0.6772,0.621,0.9255,11,10,0,0.824,0.02,18,0.2593,0,0.99,168,1,1,0,0,0,0,1,1,0,1,1,0,0,0,0,686,79,79,64,1,3,0,13,73,21,72,48,5,0,0,0,77,C
80,C,1,0.0877,0.6814,0.6255,0.9277,11,10,0,0.8328,0.0258,25,0.3529,0,0.99,173,1,1,0,0,0,0,1,1,0,1,1,0,0,0,0,697,80,80,64,1,3,0,14,74,21,73,49,5,0,0,0,78,C
81,C,1,0.0757,0.6879,0.6315,0.937,14,4,0,0.826,0.0158,24,0.7,0,0.99,187,1,1,0,0,0,0,1,1,1,1,1,0,0,0,0,711,81,81,64,1,3,0,15,75,22,74,50,5,0,0,0,79,C
82,C,1,0.0785,0.6933,0.6367,0.9313,3,7,0,0.8228,0.0156,24,0.5833,0,0.99,188,1,1,0,0,0,0,1,1,1,1,1,0,0,0,0,714,82,82,64,1,3,0,16,76,23,75,51,5,0,0,0,80,C
83,C,1,0.0765,0.7002,0.643,0.9295,9,3,0,0.8324,0.0223,25,1.0,0,0.99,212,1,1,0,0,0,0,1,1,1,1,1,0,0,1,0,723,83,83,64,1,3,0,17,77,24,76,52,5,0,1,0,81,C
84,C,1,0.064,0.7078,0.6497,0.9338,14,1,0,0.8324,0.0253,24,1.0,0,0.99,235,1,1,0,0,0,0,1,1,1,1,1,0,0,1,0,737,84,84,64,1,3,0,18,78,25,77,53,5,0,1,0,82,C
85,C,1,0.0656,0.7132,0.655,0.9415,12,7,0,0.8504,0.0309,24,0.5,0,0.99,242,1,1,0,0,0,0,1,1,1,1,1,0,0,1,0,749,85,85,64,1,3,0,19,79,26,78,54,5,0,1,0,83,C
86,C,1,0.0666,0.7193,0.6607,0.937,9,5,0,0.8528,0.0335,21,0.4444,0,0.99,251,1,1,0,0,0,0,1,1,1,1,1,0,0,1,0,758,86,86,64,1,3,0,20,80,27,79,55,5,0,1,0,84,C
87,C,1,0.0741,0.7232,0.665,0.9385,13,11,0,0.866,0.0444,21,0.3333,0,0.99,255,1,1,0,0,0,0,1,1,0,1,1,0,0,1,0,771,87,87,64,1,3,0,21,81,27,80,56,5,0,1,0,85,C
88,C,1,0.0756,0.7282,0.67,0.9365,12,8,0,0.8876,0.0363,21,0.35,0,0.99,254,1,1,0,0,0,0,1,1,0,1,1,0,0,1,0,783,88,88,64,1,3,0,22,82,27,81,57,5,0,1,0,86,C
89,C,1,0.076,0.7332,0.675,0.9363,14,8,0,0.9188,0.0135,21,0.381,0,0.99,261,1,1,0,0,0,0,1,1,0,1,1,0,0,1,0,797,89,89,64,1,3,0,23,83,27,82,58,5,0,1,0,87,C
90,C,1,0.0688,0.7404,0.6815,0.9337,8,2,0,0.9164,0.015,25,0.5,0,0.99,275,1,1,0,0,0,0,1,1,1,1,1,0,0,1,0,805,90,90,64,1,3,0,24,84,28,83,59,5,0,1,0,88,C
91,C,1,0.0561,0.7478,0.6882,0.9437,14,1,0,0.9164,0.0155,25,1.0,0,0.99,300,1,1,0,0,0,0,1,1,1,1,1,0,0,1,0,819,91,91,64,1,3,0,25,85,29,84,60,5,0,1,0,89,C
92,C,1,0.0518,0.7548,0.6947,0.9495,16,2,0,0.9056,0.0227,24,1.0,0,0.99,322,1,1,0,0,0,0,1,1,1,1,1,0,0,1,0,835,92,92,64,1,3,0,26,86,30,85,61,5,0,1,0,90,C
93,C,1,0.0544,0.7598,0.7,0.9465,12,7,0,0.92,0.0129,25,0.4286,0,0.99,327,1,1,0,0,0,0,1,1,1,1,1,0,0,1,0,847,93,93,64,1,3,0,27,87,31,86,62,5,0,1,0,91,C
94,C,1,0.0483,0.7667,0.7065,0.95,13,2,0,0.9056,0.0184,25,1.0,0,0.99,344,1,1,0,0,0,0,1,1,1,1,1,0,0,1,0,860,94,94,64,1,3,0,28,88,32,87,63,5,0,1,0,92,C
95,C,1,0.0406,0.7735,0.713,0.9582,12,2,0,0.8768,0.0368,25,1.0,0,0.99,361,1,1,0,0,0,0,1,1,1,1,1,0,0,1,0,872,95,95,64,1,3,0,29,89,33,88,64,5,0,1,0,93,C
96,C,1,0.0455,0.777,0.7172,0.9652,13,11,0,0.8756,0.0334,20,0.3158,0,0.99,366,1,1,0,0,0,0,1,1,0,1,1,0,0,1,0,885,96,96,64,1,3,0,30,90,33,89,65,5,0,1,0,94,C
97,C,1,0.0458,0.7812,0.722,0.9662,12,9,0,0.8852,0.0299,19,0.3,0,0.99,367,1,1,0,0,0,0,1,1,0,1,1,0,0,1,0,897,97,97,64,1,3,0,31,91,33,90,66,5,0,1,0,95,C
98,C,1,0.0469,0.7851,0.7265,0.966,15,9,0,0.9068,0.0178,21,0.3333,0,0.99,369,1,1,0,0,0,0,1,1,0,1,1,0,0,1,0,912,98,98,64,1,3,0,32,92,33,91,67,5,0,1,0,96,C
99,C,1,0.0495,0.7895,0.7312,0.9688,13,9,0,0.9224,0.0072,25,0.5,0,0.99,384,1,1,0,0,0,0,1,1,1,1,1,0,0,1,0,925,99,99,64,1,3,0,33,93,34,92,68,5,0,1,0,97,C
100,C,1,0.0429,0.7973,0.7382,0.9635,9,0,0,0.9044,0.0207,25,0.0,0,0.9802,405,0,0,0,0,0,0,1,1,0,1,1,0,0,1,0,934,99,99,64,1,3,0,34,94,34,93,69,5,0,1,0,98,C
1,C,2,0.5923,0.3921,0.2661,0.0338,9,11,0,0.233,0.3547,0,0.4,2,0.6764,0,1,1,1,0,0,0,0,0,1,0,0,0,0,0,0,9,1,1,1,0,0,0,0,0,1,0,0,0,0,0,0,0,C
2,C,2,0.5858,0.396,0.2704,0.0507,5,10,0,0.2327,0.4141,0,0.5,4,0.7709,0,1,1,1,0,0,0,0,0,1,0,0,0,0,0,0,14,2,2,2,0,0,0,0,0,2,0,0,0,0,0,0,1,C
3,C,2,0.5928,0.3976,0.2732,0.0553,2,16,0,0.24,0.439,0,0.3158,8,0.8047,0,1,1,1,0,0,0,0,0,0,0,0,0,0,0,0,16,3,3,3,0,0,0,0,0,2,0,0,0,0,0,0,2,C
4,C,2,0.5898,0.4011,0.2772,0.0672,4,12,0,0.2398,0.5135,1,0.5,3,0.877,0,1,1,1,0,0,0,0,0,1,0,0,0,0,0,0,20,4,4,4,0,0,0,0,0,3,0,0,0,0,0,0,3,C
5,C,2,0.5873,0.4035,0.2804,0.0827,5,14,0,0.2536,0.5422,2,0.35,5,0.9674,0,1,1,1,0,0,0,0,0,0,0,0,0,0,0,0,25,5,5,5,0,0,0,0,0,3,0,0,0,0,0,0,4,C
6,C,2,0.5793,0.4089,0.2857,0.0935,4,7,0,0.2495,0.5321,2,0.3636,5,0.99,0,1,1,1,0,0,0,0,0,0,0,0,0,0,0,0,29,6,6,6,0,0,0,0,0,3,0,0,0,0,0,0,5,C
7,C,2,0.5823,0.4101,0.2882,0.1037,4,16,0,0.2699,0.496,2,0.3182,4,0.99,0,1,1,1,0,0,0,0,1,0,1,0,0,0,0,0,33,7,7,7,0,0,0,0,1,3,1,0,0,0,0,0,6,C
8,C,2,0.5858,0.4106,0.2887,0.1097,3,15,2,0.2917,0.513,2,0.3158,5,0.99,0,1,1,1,0,0,0,0,0,0,1,0,0,0,0,0,36,8,8,8,0,0,0,0,1,3,2,0,0,0,0,0,7,C
9,C,2,0.5802,0.4137,0.2924,0.1232,5,13,0,0.2899,0.5279,3,0.2778,3,0.99,0,1,1,1,0,0,0,0,0,0,1,0,0,0,0,0,41,9,9,9,0,0,0,0,1,3,3,0,0,0,0,0,8,C
10,C,2,0.5662,0.4176,0.2967,0.1482,8,10,0,0.2917,0.5373,3,0.3684,3,0.99,0,1,1,1,0,0,0,0,1,0,1,0,1,0,0,0,49,10,10,10,0,0,0,0,2,3,4,0,1,0,0,0,9,C
11,C,2,0.5507,0.4211,0.3007,0.1762,9,12,0,0.2992,0.5419,2,0.3333,3,0.99,0,1,1,1,0,0,0,0,1,0,1,0,0,0,0,0,58,11,11,11,0,0,0,0,3,3,5,0,1,0,0,0,10,C
12,C,2,0.5382,0.4246,0.3047,0.1957,7,11,0,0.3006,0.5632,1,0.4211,3,0.99,0,1,1,1,0,0,0,0,1,1,1,0,0,0,0,0,65,12,12,12,0,0,0,0,4,4,6,0,1,0,0,0,11,C
13,C,2,0.5293,0.4259,0.3072,0.219,8,17,0,0.3217,0.5603,3,0.2692,6,0.99,0,1,1,1,0,0,0,0,1,0,1,0,0,0,0,0,73,13,13,13,0,0,0,0,5,4,7,0,1,0,0,0,12,C
14,C,2,0.5244,0.4279,0.3102,0.2342,6,16,0,0.3342,0.5481,5,0.2727,3,0.99,0,1,1,1,0,0,0,0,1,0,1,0,0,0,0,0,79,14,14,14,0,0,0,0,6,4,8,0,1,0,0,0,13,C
15,C,2,0.511,0.434,0.3159,0.2455,5,5,0,0.3191,0.5683,7,0.4,2,0.99,0,1,1,1,0,0,0,0,1,1,1,0,0,0,0,0,84,15,15,15,0,0,0,0,7,5,9,0,1,0,0,0,14,C
16,C,2,0.4972,0.439,0.3209,0.2645,7,8,0,0.3159,0.5611,6,0.3333,1,0.99,0,1,1,1,0,0,0,0,1,0,1,0,0,0,0,0,91,16,16,16,0,0,0,0,8,5,10,0,1,0,0,0,15,C
17,C,2,0.4962,0.441,0.3239,0.2732,5,16,0,0.3326,0.5289,7,0.2857,1,0.99,0,1,1,1,0,0,0,0,1,0,1,0,0,0,0,0,96,17,17,17,0,0,0,0,9,5,11,0,1,0,0,0,16,C
18,C,2,0.4939,0.4452,0.3284,0.2765,3,10,0,0.3313,0.5144,7,0.3846,0,0.99,0,1,1,1,0,0,0,0,1,0,1,0,0,0,0,0,99,18,18,18,0,0,0,0,10,5,12,0,1,0,0,0,17,C
19,C,2,0.4882,0.448,0.3319,0.2917,6,14,0,0.3574,0.4727,7,0.3,1,0.99,0,1,1,1,0,0,0,0,1,0,1,0,0,0,0,0,105,19,19,19,0,0,0,0,11,5,13,0,1,0,0,0,18,C
20,C,2,0.4832,0.4511,0.3357,0.303,5,13,0,0.3603,0.4687,5,0.4444,3,0.99,0,1,1,1,0,0,0,0,1,1,1,1,1,0,0,0,110,20,20,20,0,0,0,0,12,6,14,1,2,0,0,0,19,C
21,C,2,0.4728,0.4546,0.3397,0.323,8,12,0,0.3632,0.4953,5,0.4,1,0.99,0,1,1,1,0,0,0,0,1,1,1,1,0,0,0,0,118,21,21,21,0,0,0,0,13,7,15,2,2,0,0,0,20,C
22,C,2,0.4633,0.4574,0.3432,0.3448,8,14,0,0.3743,0.4923,4,0.3182,1,0.99,0,1,1,1,0,0,0,0,1,0,1,1,0,0,0,0,126,22,22,22,0,0,0,0,14,7,16,3,2,0,0,0,21,C
23,C,2,0.4487,0.4612,0.3474,0.3665,8,11,0,0.3855,0.4915,5,0.2632,1,0.99,0,1,1,1,0,0,0,0,1,0,1,1,0,0,0,0,134,23,23,23,0,0,0,0,15,7,17,4,2,0,0,0,22,C
24,C,2,0.4464,0.4651,0.3517,0.3702,4,11,0,0.3849,0.4799,4,0.3333,3,0.99,0,1,1,1,0,0,0,0,1,0,1,1,0,0,0,0,138,24,24,24,0,0,0,0,16,7,18,5,2,0,0,0,23,C
25,C,2,0.4372,0.4694,0.3562,0.389,7,10,0,0.3901,0.4776,4,0.2941,2,0.99,0,1,1,1,0,0,0,0,1,0,1,1,0,0,0,0,145,25,25,25,0,0,0,0,17,7,19,6,2,0,0,0,24,C
26,C,2,0.4221,0.4729,0.3602,0.4157,9,12,0,0.4037,0.4837,4,0.2381,2,0.99,0,1,1,1,0,0,0,0,1,0,1,1,0,0,0,0,154,26,26,26,0,0,0,0,18,7,20,7,2,0,0,0,25,C
27,C,2,0.416,0.476,0.3639,0.4342,7,13,0,0.4174,0.4817,7,0.25,3,0.99,0,1,1,1,0,0,0,0,1,0,1,1,0,0,0,0,161,27,27,27,0,0,0,0,19,7,21,8,2,0,0,0,26,C
28,C,2,0.4099,0.4802,0.3684,0.4422,5,10,0,0.4166,0.4796,6,0.5333,2,0.99,0,1,1,1,0,0,0,0,1,1,1,1,0,0,0,0,166,28,28,28,0,0,0,0,20,8,22,9,2,0,0,0,27,C
29,C,2,0.4047,0.4826,0.3717,0.4612,8,15,0,0.4374,0.4688,7,0.3043,2,0.99,0,1,1,1,0,0,0,0,1,0,1,0,0,0,0,0,174,29,29,29,0,0,0,0,21,8,23,9,2,0,0,0,28,C
30,C,2,0.3974,0.4857,0.3754,0.4802,8,13,0,0.4534,0.4521,10,0.2857,1,0.99,0,1,1,1,0,0,0,0,1,0,1,0,1,0,0,0,182,30,30,30,0,0,0,0,22,8,24,9,3,0,0,0,29,C
31,C,2,0.389,0.4896,0.3797,0.499,7,11,0,0.4671,0.4216,12,0.3333,1,0.99,0,1,1,1,0,0,0,0,1,0,1,1,0,0,0,0,189,31,31,31,0,0,0,0,23,8,25,10,3,0,0,0,30,C
32,C,2,0.3789,0.4935,0.3839,0.5125,10,11,0,0.489,0.3647,12,0.3333,0,0.99,0,1,1,1,0,1,0,0,1,0,1,1,0,0,0,0,199,32,32,32,0,1,0,0,24,8,26,11,3,0,0,0,31,C
33,C,2,0.3686,0.4985,0.3889,0.5215,8,8,0,0.4979,0.3351,13,0.375,2,0.99,0,1,1,1,0,0,0,0,1,0,1,1,0,0,0,0,207,33,33,33,0,1,0,0,25,8,27,12,3,0,0,0,32,C
34,C,2,0.349,0.5027,0.3934,0.5502,12,10,0,0.5091,0.3026,10,0.2727,1,0.99,0,1,1,1,0,0,0,0,1,0,1,1,0,0,0,0,219,34,34,34,0,1,0,0,26,8,28,13,3,0,0,0,33,C
35,C,2,0.3476,0.5062,0.3974,0.5635,9,12,0,0.5204,0.2933,9,0.2857,1,0.99,0,1,1,1,0,0,0,0,1,0,1,1,0,0,0,0,228,35,35,35,0,1,0,0,27,8,29,14,3,0,0,0,34,C
36,C,2,0.3386,0.5082,0.4004,0.5845,10,16,0,0.5402,0.2944,8,0.3077,6,0.99,0,1,1,1,0,0,0,0,1,0,1,1,0,0,0,0,238,36,36,36,0,1,0,0,28,8,30,15,3,0,0,0,35,C
37,C,2,0.327,0.5121,0.4047,0.6035,9,11,0,0.5371,0.3031,7,0.35,3,0.99,0,1,1,1,0,0,0,0,1,0,1,0,0,0,0,0,247,37,37,37,0,1,0,0,29,8,31,15,3,0,0,0,36,C
38,C,2,0.338,0.513,0.4069,0.604,4,19,0,0.5473,0.3015,6,0.2609,6,0.99,0,1,1,1,0,0,0,0,1,0,1,0,0,0,0,0,251,38,38,38,0,1,0,0,30,8,32,15,3,0,0,0,37,C
39,C,2,0.3329,0.5172,0.4114,0.6125,8,10,0,0.5513,0.3084,8,0.2778,1,0.99,0,1,1,1,0,0,0,0,1,0,1,0,0,0,0,0,259,39,39,39,0,1,0,0,31,8,33,15,3,0,0,0,38,C
40,C,2,0.3296,0.5181,0.4137,0.6287,9,19,0,0.5783,0.2911,10,0.2143,4,0.99,0,1,1,1,0,0,0,0,1,0,1,0,1,0,0,0,268,40,40,40,0,1,0,0,32,8,34,15,4,0,0,0,39,C
41,C,2,0.3189,0.5209,0.4172,0.6537,10,14,0,0.6014,0.2642,13,0.25,2,0.99,0,1,1,1,0,0,0,0,1,0,1,0,0,0,0,0,278,41,41,41,0,1,0,0,33,8,35,15,4,0,0,0,40,C
42,C,2,0.3056,0.5247,0.4214,0.6743,12,11,0,0.6247,0.221,14,0.3043,1,0.99,0,1,1,1,0,0,0,0,1,0,1,0,0,0,0,0,290,42,42,42,0,1,0,0,34,8,36,15,4,0,0,0,41,C
43,C,2,0.3031,0.5294,0.4262,0.6747,6,9,0,0.6251,0.221,15,0.4,1,0.99,0,1,1,1,0,0,0,0,1,1,1,0,0,0,0,0,296,43,43,43,0,1,0,0,35,9,37,15,4,0,0,0,42,C
44,C,2,0.3081,0.5314,0.4292,0.6737,4,16,0,0.6327,0.2274,16,0.4,0,0.99,0,1,1,1,0,0,0,0,1,1,1,0,0,0,0,0,300,44,44,44,0,1,0,0,36,10,38,15,4,0,0,0,43,C
45,C,2,0.3145,0.533,0.4319,0.6765,4,17,0,0.6511,0.1914,18,0.2857,0,0.99,0,1,1,1,0,0,0,0,1,0,1,1,0,0,0,0,304,45,45,45,0,1,0,0,37,10,39,16,4,0,0,0,44,C
46,C,2,0.3086,0.5372,0.4364,0.6832,6,10,0,0.6551,0.1706,17,0.375,0,0.99,0,1,1,1,0,0,0,0,1,0,1,1,0,0,0,0,310,46,46,46,0,1,0,0,38,10,40,17,4,0,0,0,45,C
47,C,2,0.3046,0.5419,0.4412,0.6832,7,9,0,0.6543,0.1684,14,0.375,0,0.99,0,1,1,1,0,0,0,0,1,0,1,1,0,0,0,0,317,47,47,47,0,1,0,0,39,10,41,18,4,0,0,0,46,C
48,C,2,0.2875,0.5472,0.4464,0.704,11,7,0,0.6559,0.177,12,0.3333,0,0.99,0,1,1,1,0,0,0,0,1,0,1,1,0,0,0,0,328,48,48,48,0,1,0,0,40,10,42,19,4,0,0,0,47,C
49,C,2,0.284,0.5504,0.4502,0.7155,10,13,0,0.6743,0.1684,15,0.2609,1,0.99,0,1,1,1,0,0,0,0,1,0,1,1,0,0,0,0,338,49,49,49,0,1,0,0,41,10,43,20,4,0,0,0,48,C
50,C,2,0.2821,0.5527,0.4534,0.727,9,15,0,0.6952,0.1416,15,0.25,1,0.99,0,1,1,1,0,0,0,0,1,0,1,1,1,0,0,0,347,50,50,50,0,1,0,0,42,10,44,21,5,0,0,0,49,C
51,C,2,0.2758,0.5559,0.4572,0.7427,11,13,0,0.7076,0.145,16,0.3333,1,0.99,0,1,1,1,0,0,0,0,1,0,1,1,0,0,0,0,358,51,51,51,0,1,0,0,43,10,45,22,5,0,0,0,50,C
52,C,2,0.2713,0.5586,0.4607,0.7555,9,14,0,0.7224,0.1204,17,0.2609,0,0.99,0,1,1,1,0,0,0,0,1,0,1,1,0,0,0,0,367,52,52,52,0,1,0,0,44,10,46,23,5,0,0,0,51,C
53,C,2,0.2565,0.5644,0.4662,0.7727,10,6,0,0.7288,0.1135,18,0.375,0,0.99,0,1,1,1,0,0,0,0,1,0,1,1,0,0,0,0,377,53,53,53,0,1,0,0,45,10,47,24,5,0,0,0,52,C
54,C,2,0.2459,0.5694,0.4712,0.782,7,8,0,0.7376,0.0963,19,0.4667,0,0.99,0,1,1,1,0,0,0,0,1,1,1,1,0,0,0,0,384,54,54,54,0,1,0,0,46,11,48,25,5,0,0,0,53,C
55,C,2,0.2422,0.574,0.4759,0.7857,6,9,0,0.744,0.0829,18,0.4,0,0.99,0,1,1,1,0,0,0,0,1,1,1,1,0,0,0,0,390,55,55,55,0,1,0,0,47,12,49,26,5,0,0,0,54,C
56,C,2,0.2234,0.5786,0.4807,0.8105,12,9,0,0.7517,0.0803,15,0.2857,2,0.99,0,1,1,1,0,0,0,0,1,0,1,1,0,0,0,0,402,56,56,56,0,1,0,0,48,12,50,27,5,0,0,0,55,C
57,C,2,0.2173,0.5814,0.4842,0.8262,10,14,0,0.7701,0.0795,18,0.25,0,0.99,0,1,1,1,0,0,0,0,1,0,1,1,0,0,0,0,412,57,57,57,0,1,0,0,49,12,51,28,5,0,0,0,56,C
58,C,2,0.2086,0.5852,0.4884,0.836,9,11,0,0.7718,0.0852,19,0.4,2,0.99,0,1,1,1,0,0,0,0,1,1,1,1,0,0,0,0,421,58,58,58,0,1,0,0,50,13,52,29,5,0,0,0,57,C
59,C,2,0.1915,0.5902,0.4934,0.8462,12,8,0,0.7782,0.0738,18,0.3,0,0.99,0,1,1,1,0,0,0,0,1,0,1,1,0,0,0,0,433,59,59,59,0,1,0,0,51,13,53,30,5,0,0,0,58,C
60,C,2,0.1713,0.5945,0.4979,0.8682,17,10,0,0.8014,0.052,21,0.2917,0,0.99,3,1,1,1,0,0,0,0,1,0,1,1,1,0,0,0,450,60,60,60,0,1,0,0,52,13,54,31,6,0,0,0,59,C
61,C,2,0.1598,0.6014,0.5042,0.8765,10,3,0,0.8018,0.0406,22,0.5833,0,0.99,10,1,1,1,0,0,0,0,1,1,1,1,0,0,0,0,460,61,61,61,0,1,0,0,53,14,55,32,6,0,0,0,60,C
62,C,2,0.1493,0.6079,0.5102,0.8845,13,4,0,0.795,0.0372,23,0.7143,0,0.99,27,1,1,1,0,0,0,0,1,1,1,1,0,0,0,0,473,62,62,62,0,1,0,0,54,15,56,33,6,0,0,0,61,C
63,C,2,0.1398,0.6147,0.5164,0.8877,11,3,0,0.7882,0.0315,24,0.75,0,0.99,40,1,1,1,0,0,0,0,1,1,1,1,0,0,0,0,484,63,63,63,0,1,0,0,55,16,57,34,6,0,0,0,62,C
64,C,2,0.1342,0.619,0.5209,0.8987,12,10,0,0.7898,0.0243,22,0.3529,0,0.99,47,1,1,1,0,0,0,0,1,0,1,1,0,0,0,0,496,64,64,64,0,1,0,0,56,16,58,35,6,0,0,0,63,C
65,C,2,0.1231,0.6232,0.5254,0.911,15,10,0,0.7998,0.0224,20,0.3478,0,0.99,47,1,1,1,0,0,0,0,1,0,1,1,0,0,0,0,511,65,65,65,0,1,0,0,57,16,59,36,6,0,0,0,64,C
66,C,2,0.1165,0.6275,0.5299,0.9112,10,10,0,0.8086,0.0223,21,0.3684,0,0.99,44,1,1,1,0,0,0,0,1,0,1,1,0,0,0,0,521,66,66,66,0,1,0,0,58,16,60,37,6,0,0,0,65,C
67,C,2,0.1118,0.6321,0.5347,0.9172,9,9,0,0.821,0.0173,20,0.3043,0,0.99,40,1,1,1,0,0,0,0,1,0,1,1,0,0,0,0,530,67,67,67,0,1,0,0,59,16,61,38,6,0,0,0,66,C
68,C,2,0.0964,0.6382,0.5404,0.927,13,5,0,0.8214,0.014,22,0.3571,0,0.99,50,1,1,1,0,0,0,0,1,0,1,1,0,0,0,0,543,68,68,68,0,1,0,0,60,16,62,39,6,0,0,0,67,C
69,C,2,0.0897,0.6451,0.5467,0.9295,10,3,0,0.8182,0.017,23,0.6,0,0.99,64,1,1,1,0,0,0,0,1,1,1,1,0,0,0,0,553,69,69,69,0,1,0,0,61,17,63,40,6,0,0,0,68,C
70,C,2,0.082,0.6516,0.5527,0.932,11,4,0,0.8102,0.0198,22,0.5556,0,0.99,80,1,1,0,0,0,0,0,1,1,1,1,0,0,0,0,564,70,70,69,0,1,0,0,62,18,64,41,6,0,0,0,69,C
71,C,2,0.0802,0.6562,0.5574,0.941,13,9,0,0.8118,0.0191,23,0.4,0,0.99,87,1,1,0,0,0,0,0,1,1,1,1,0,0,0,0,577,71,71,69,0,1,0,0,63,19,65,42,6,0,0,0,70,C
72,C,2,0.0789,0.6612,0.5624,0.9425,11,8,0,0.8182,0.0189,24,0.4444,0,0.99,92,1,1,0,0,0,0,0,1,1,1,1,0,0,0,0,588,72,72,69,0,1,0,0,64,20,66,43,6,0,0,0,71,C
73,C,2,0.0738,0.6666,0.5677,0.9415,7,7,0,0.8138,0.0202,22,0.5385,0,0.99,97,1,1,0,0,0,0,1,1,1,1,1,0,0,0,0,595,73,73,69,0,1,0,1,65,21,67,44,6,0,0,0,72,C
74,C,2,0.0753,0.6701,0.5717,0.949,14,12,0,0.8166,0.0197,21,0.3529,0,0.99,108,1,1,0,0,0,0,1,1,0,1,1,0,0,0,0,609,74,74,69,0,1,0,2,66,21,68,45,6,0,0,0,73,C
75,C,2,0.07,0.6759,0.5772,0.9482,11,6,0,0.8086,0.0218,22,0.3846,0,0.99,116,1,1,0,0,0,0,1,1,0,1,1,0,0,0,0,620,75,75,69,0,1,0,3,67,21,69,46,6,0,0,0,74,C
76,C,2,0.0668,0.6816,0.5827,0.951,14,6,0,0.8138,0.0182,21,0.4444,0,0.99,119,1,1,0,0,0,0,1,1,1,1,1,0,0,0,0,634,76,76,69,0,1,0,4,68,22,70,47,6,0,0,0,75,C
77,C,2,0.059,0.6877,0.5884,0.9538,13,5,0,0.8118,0.0189,21,0.4545,0,0.99,131,1,1,0,0,0,0,1,1,1,1,1,0,0,0,0,647,77,77,69,0,1,0,5,69,23,71,48,6,0,0,0,76,C
78,C,2,0.0607,0.6912,0.5924,0.9565,14,12,0,0.8206,0.0187,21,0.3,0,0.99,134,1,1,0,0,0,0,1,1,0,1,1,0,0,0,0,661,78,78,69,0,1,0,6,70,23,72,49,6,0,0,0,77,C
79,C,2,0.0622,0.6944,0.5962,0.961,12,13,0,0.8306,0.022,25,0.3636,0,0.99,136,1,1,0,0,0,0,1,1,0,1,1,0,0,0,0,673,79,79,69,0,1,0,7,71,23,73,50,6,0,0,0,78,C
80,C,2,0.054,0.7012,0.6024,0.9625,10,3,0,0.819,0.0155,23,0.75,0,0.99,147,1,1,0,0,0,0,1,1,1,1,1,0,0,0,0,683,80,80,69,0,1,0,8,72,24,74,51,6,0,0,0,79,C
81,C,2,0.0498,0.707,0.6079,0.964,14,6,0,0.8098,0.019,21,0.6,0,0.99,161,1,1,0,0,0,0,1,1,1,1,1,0,0,0,0,697,81,81,69,0,1,0,9,73,25,75,52,6,0,0,0,80,C
82,C,2,0.0548,0.7124,0.6132,0.958,7,7,0,0.829,0.0309,22,0.375,0,0.99,169,1,1,0,0,0,0,1,1,0,1,1,0,0,1,0,704,82,82,69,0,1,0,10,74,25,76,53,6,0,1,0,81,C
83,C,2,0.0536,0.7166,0.6177,0.9587,11,10,0,0.8554,0.0409,22,0.4,0,0.99,169,1,1,0,0,0,0,1,1,1,1,1,0,0,1,0,715,83,83,69,0,1,0,11,75,26,77,54,6,0,1,0,82,C
84,C,2,0.0461,0.7239,0.6242,0.9587,12,2,0,0.8674,0.0397,22,0.5,0,0.99,185,1,1,0,0,0,0,1,1,1,1,1,0,0,1,0,727,84,84,69,0,1,0,12,76,27,78,55,6,0,1,0,83,C
85,C,2,0.0422,0.7307,0.6304,0.9585,10,3,0,0.8782,0.042,22,0.5,0,0.99,196,1,1,0,0,0,0,1,1,1,1,1,0,0,1,0,737,85,85,69,0,1,0,13,77,28,79,56,6,0,1,0,84,C
86,C,2,0.0521,0.7342,0.6344,0.9578,11,12,0,0.907,0.0315,20,0.2963,0,0.99,198,1,1,0,0,0,0,1,1,0,1,1,0,0,1,0,748,86,86,69,0,1,0,14,78,28,80,57,6,0,1,0,85,C
87,C,2,0.0481,0.74,0.6399,0.9633,13,6,0,0.9226,0.0214,23,0.4167,0,0.99,208,1,1,0,0,0,0,1,1,1,1,1,0,0,1,0,761,87,87,69,0,1,0,15,79,29,81,58,6,0,1,0,86,C
88,C,2,0.0412,0.7465,0.6459,0.9635,14,4,0,0.9334,0.0114,25,0.8571,0,0.99,223,1,1,0,0,0,0,1,1,1,1,1,0,0,1,0,775,88,88,69,0,1,0,16,80,30,82,59,6,0,1,0,87,C
89,C,2,0.0373,0.7544,0.6529,0.9615,10,0,0,0.9226,0.0197,25,0.0,0,0.9802,242,0,0,0,0,0,0,1,1,0,1,1,0,0,1,0,785,88,88,69,0,1,0,17,81,30,83,60,6,0,1,0,88,C
90,C,2,0.0358,0.7619,0.6597,0.9605,14,1,0,0.901,0.0304,25,1.0,0,0.99,262,1,1,0,0,0,0,1,1,1,1,1,0,0,1,0,799,89,89,69,0,1,0,18,82,31,84,61,6,0,1,0,89,C
91,C,2,0.0307,0.7689,0.6662,0.97,16,2,0,0.8866,0.0401,23,1.0,0,0.99,282,1,1,0,0,0,0,1,1,1,1,1,0,0,1,0,815,90,90,69,0,1,0,19,83,32,85,62,6,0,1,0,90,C
92,C,2,0.037,0.773,0.6707,0.9698,8,9,0,0.8974,0.0334,22,0.4211,0,0.99,280,1,1,0,0,0,0,1,1,1,1,1,0,0,1,0,823,91,91,69,0,1,0,20,84,33,86,63,6,0,1,0,91,C
93,C,2,0.0316,0.7793,0.6767,0.9695,13,4,0,0.8866,0.0314,20,0.3333,0,0.99,292,1,1,0,0,0,0,1,1,0,1,1,0,0,1,0,836,92,92,69,0,1,0,21,85,33,87,64,6,0,1,0,92,C
94,C,2,0.0303,0.7834,0.6812,0.972,15,10,0,0.8866,0.0335,23,0.3158,0,0.99,296,1,1,0,0,0,0,1,1,0,1,1,0,0,1,0,851,93,93,69,0,1,0,22,86,33,88,65,6,0,1,0,93,C
95,C,2,0.0343,0.7867,0.6852,0.972,13,12,0,0.8914,0.0315,22,0.4444,0,0.99,305,1,1,0,0,0,0,1,1,1,1,1,0,0,1,0,864,94,94,69,0,1,0,23,87,34,89,66,6,0,1,0,94,C
96,C,2,0.0348,0.7915,0.6902,0.9688,13,8,0,0.9058,0.0234,21,0.4,0,0.99,309,1,1,0,0,0,0,1,1,1,1,1,0,0,1,0,877,95,95,69,0,1,0,24,88,35,90,67,6,0,1,0,95,C
97,C,2,0.035,0.798,0.6962,0.9647,11,4,0,0.9178,0.0142,23,0.5,0,0.99,319,1,1,0,0,0,0,1,1,1,1,1,0,0,1,0,888,96,96,69,0,1,0,25,89,36,91,68,6,0,1,0,96,C
98,C,2,0.0344,0.8043,0.7022,0.9613,9,4,0,0.9262,0.007,25,0.8333,0,0.99,333,1,1,0,0,0,0,1,1,1,1,1,0,0,1,0,897,97,97,69,0,1,0,26,90,37,92,69,6,0,1,0,97,C
99,C,2,0.0277,0.8121,0.7092,0.9622,10,0,0,0.9118,0.0172,25,0.0,0,0.9802,357,0,0,0,0,0,0,1,1,0,1,1,0,0,1,0,907,97,97,69,0,1,0,27,91,37,93,70,6,0,1,0,98,C
100,C,2,0.0233,0.819,0.7157,0.964,11,2,0,0.9082,0.0207,25,1.0,0,0.99,383,1,1,0,0,0,0,1,1,1,1,1,0,0,1,0,918,98,98,69,0,1,0,28,92,38,94,71,6,0,1,0,99,C
